FULL_ADDR,COUNTY,TOWN,VILLAGE,NEIGHBORHOOD,ROAD,SECTION,LANE,ALLEY,SUB_ALLEY,TONG,NUMBER,X,Y
桃園市新屋區後湖里6鄰長福路77號,68,6801100,6801100-003,6鄰,長福路,,,,,,77號,121.096641619607,24.9756411305549
桃園市新屋區後湖里1鄰長福路215巷76號,68,6801100,6801100-003,1鄰,長福路,,215巷,,,,76號,121.096627821482,24.978391551981
桃園市新屋區後湖里1鄰長福路215巷98號,68,6801100,6801100-003,1鄰,長福路,,215巷,,,,98號,121.096449535088,24.97865331065
桃園市新屋區後湖里1鄰長福路217巷26號,68,6801100,6801100-003,1鄰,長福路,,217巷,,,,26號,121.097693527688,24.9786584581752
桃園市新屋區後湖里1鄰長福路217巷76弄2號,68,6801100,6801100-003,1鄰,長福路,,217巷,76弄,,,2號,121.097605056979,24.9793890943127
桃園市新屋區後湖里1鄰長福路217巷76弄62之1號,68,6801100,6801100-003,1鄰,長福路,,217巷,76弄,,,62之1號,121.098629659633,24.979770771637
桃園市新屋區後湖里1鄰長福路217巷76弄66號,68,6801100,6801100-003,1鄰,長福路,,217巷,76弄,,,66號,121.098841164094,24.9799290797372
桃園市新屋區後湖里1鄰長福路217巷76弄88號,68,6801100,6801100-003,1鄰,長福路,,217巷,76弄,,,88號,121.098444531148,24.9802691714908
桃園市新屋區後湖里1鄰長福路217巷76弄128號,68,6801100,6801100-003,1鄰,長福路,,217巷,76弄,,,128號,121.097948372059,24.980765157845
桃園市新屋區後湖里1鄰長福路217巷76弄136號,68,6801100,6801100-003,1鄰,長福路,,217巷,76弄,,,136號,121.097875947868,24.9808697543279
桃園市新屋區後湖里1鄰長福路217巷76弄146號,68,6801100,6801100-003,1鄰,長福路,,217巷,76弄,,,146號,121.097771359979,24.9810107563457
桃園市新屋區後湖里1鄰長福路217巷98號,68,6801100,6801100-003,1鄰,長福路,,217巷,,,,98號,121.097439430046,24.9797513319088
桃園市新屋區後湖里1鄰長福路217巷100號,68,6801100,6801100-003,1鄰,長福路,,217巷,,,,100號,121.09741462152,24.9798194222733
桃園市新屋區後湖里1鄰長福路217巷107號,68,6801100,6801100-003,1鄰,長福路,,217巷,,,,107號,121.096877520283,24.9802758874979
桃園市新屋區後湖里1鄰長福路217巷135號,68,6801100,6801100-003,1鄰,長福路,,217巷,,,,135號,121.096655483473,24.9807068669974
桃園市新屋區後湖里1鄰長福路217巷178弄33號,68,6801100,6801100-003,1鄰,長福路,,217巷,178弄,,,33號,121.097181086022,24.9816225459427
桃園市新屋區後湖里1鄰長福路217巷178弄51號,68,6801100,6801100-003,1鄰,長福路,,217巷,178弄,,,51號,121.097437240841,24.9817499497205
桃園市新屋區後湖里1鄰長福路217巷180號,68,6801100,6801100-003,1鄰,長福路,,217巷,,,,180號,121.096808324731,24.9810892105907
桃園市新屋區後湖里1鄰長福路217巷206號,68,6801100,6801100-003,1鄰,長福路,,217巷,,,,206號,121.096821129003,24.9816289198337
桃園市新屋區後湖里1鄰長福路217巷208號,68,6801100,6801100-003,1鄰,長福路,,217巷,,,,208號,121.096786254401,24.9816191918466
桃園市新屋區後湖里1鄰長福路217巷210號,68,6801100,6801100-003,1鄰,長福路,,217巷,,,,210號,121.096083905027,24.9812909229572
桃園市新屋區後湖里1鄰長福路217巷212號,68,6801100,6801100-003,1鄰,長福路,,217巷,,,,212號,121.096143666793,24.9813325955624
桃園市新屋區後湖里1鄰長福路217巷216號,68,6801100,6801100-003,1鄰,長福路,,217巷,,,,216號,121.096207312132,24.9813368790408
桃園市新屋區後湖里1鄰長福路217巷218號,68,6801100,6801100-003,1鄰,長福路,,217巷,,,,218號,121.096246469638,24.9813643542235
桃園市新屋區後湖里1鄰長福路217巷220號,68,6801100,6801100-003,1鄰,長福路,,217巷,,,,220號,121.09628563706,24.9813918203611
桃園市新屋區後湖里1鄰長福路217巷222號,68,6801100,6801100-003,1鄰,長福路,,217巷,,,,222號,121.096324794601,24.9814192955229
桃園市新屋區後湖里1鄰長福路217巷226號,68,6801100,6801100-003,1鄰,長福路,,217巷,,,,226號,121.096363952159,24.9814467706743
桃園市新屋區後湖里1鄰長福路217巷228號,68,6801100,6801100-003,1鄰,長福路,,217巷,,,,228號,121.096403099773,24.9814741735945
桃園市新屋區後湖里1鄰長福路217巷230號,68,6801100,6801100-003,1鄰,長福路,,217巷,,,,230號,121.096300519062,24.9815879075143
桃園市新屋區後湖里1鄰長福路217巷232號,68,6801100,6801100-003,1鄰,長福路,,217巷,,,,232號,121.096261064325,24.9815604505958
桃園市新屋區後湖里1鄰長福路217巷236號,68,6801100,6801100-003,1鄰,長福路,,217巷,,,,236號,121.096221619519,24.9815330026886
桃園市新屋區後湖里1鄰長福路217巷238號,68,6801100,6801100-003,1鄰,長福路,,217巷,,,,238號,121.096182164817,24.9815055457489
桃園市新屋區後湖里1鄰長福路217巷240號,68,6801100,6801100-003,1鄰,長福路,,217巷,,,,240號,121.096142720046,24.9814780978206
桃園市新屋區後湖里1鄰長福路217巷242號,68,6801100,6801100-003,1鄰,長福路,,217巷,,,,242號,121.09610326538,24.9814506408596
桃園市新屋區後湖里1鄰長福路217巷246號,68,6801100,6801100-003,1鄰,長福路,,217巷,,,,246號,121.096063810731,24.9814231838881
桃園市新屋區後湖里1鄰長福路217巷248號,68,6801100,6801100-003,1鄰,長福路,,217巷,,,,248號,121.096032264873,24.9813757329324
桃園市新屋區後湖里1鄰長福路217巷268號,68,6801100,6801100-003,1鄰,長福路,,217巷,,,,268號,121.096017524674,24.9817826522877
桃園市新屋區後湖里1鄰長福路217巷270號,68,6801100,6801100-003,1鄰,長福路,,217巷,,,,270號,121.096168848901,24.9818709425954
桃園市新屋區後湖里1鄰長福路217巷338號,68,6801100,6801100-003,1鄰,長福路,,217巷,,,,338號,121.096717913405,24.9826402575801
桃園市新屋區後湖里1鄰長福路217巷360號,68,6801100,6801100-003,1鄰,長福路,,217巷,,,,360號,121.096736760442,24.983307353441
桃園市新屋區後湖里1鄰長福路217巷381號,68,6801100,6801100-003,1鄰,長福路,,217巷,,,,381號,121.097877926235,24.9843701521553
桃園市新屋區後湖里1鄰長福路217巷468號,68,6801100,6801100-003,1鄰,長福路,,217巷,,,,468號,121.097841058505,24.9840959840913
桃園市新屋區後湖里1鄰長福路217巷470號,68,6801100,6801100-003,1鄰,長福路,,217巷,,,,470號,121.098031469076,24.9841276387417
桃園市新屋區後湖里1鄰長福路217巷480號,68,6801100,6801100-003,1鄰,長福路,,217巷,,,,480號,121.098071783162,24.9842503983321
桃園市新屋區後湖里1鄰長福路331巷65號,68,6801100,6801100-003,1鄰,長福路,,331巷,,,,65號,121.098364374805,24.9794935947666
桃園市新屋區後湖里1鄰長福路331巷71號,68,6801100,6801100-003,1鄰,長福路,,331巷,,,,71號,121.098933089777,24.9798113786368
桃園市新屋區後湖里1鄰長福路331巷170弄17號,68,6801100,6801100-003,1鄰,長福路,,331巷,170弄,,,17號,121.099082923707,24.9810070902561
桃園市新屋區後湖里1鄰長福路331巷170弄21號,68,6801100,6801100-003,1鄰,長福路,,331巷,170弄,,,21號,121.099297520323,24.9810654512637
桃園市新屋區後湖里1鄰長福路331巷170弄22號,68,6801100,6801100-003,1鄰,長福路,,331巷,170弄,,,22號,121.099171439646,24.9807128861278
桃園市新屋區後湖里1鄰長福路331巷170弄23號,68,6801100,6801100-003,1鄰,長福路,,331巷,170弄,,,23號,121.099300207907,24.9809584629667
桃園市新屋區後湖里1鄰長福路331巷170弄33號,68,6801100,6801100-003,1鄰,長福路,,331巷,170弄,,,33號,121.099426255311,24.980776095486
桃園市新屋區後湖里1鄰長福路331巷237之1號,68,6801100,6801100-003,1鄰,長福路,,331巷,,,,237之1號,121.097333497129,24.982335779934
桃園市新屋區後湖里1鄰長福路331巷240弄53號,68,6801100,6801100-003,1鄰,長福路,,331巷,240弄,,,53號,121.098652688074,24.9824386476804
桃園市新屋區後湖里1鄰長福路331巷240弄55號,68,6801100,6801100-003,1鄰,長福路,,331巷,240弄,,,55號,121.098747636107,24.982505936547
桃園市新屋區後湖里1鄰長福路331巷273號,68,6801100,6801100-003,1鄰,長福路,,331巷,,,,273號,121.097167794068,24.9831113370706
桃園市新屋區後湖里1鄰長福路331巷281號,68,6801100,6801100-003,1鄰,長福路,,331巷,,,,281號,121.097049848181,24.9832741959805
桃園市新屋區後湖里1鄰長福路331巷298號,68,6801100,6801100-003,1鄰,長福路,,331巷,,,,298號,121.097741835217,24.9826311922966
桃園市新屋區後湖里1鄰長福路331巷308弄55號,68,6801100,6801100-003,1鄰,長福路,,331巷,308弄,,,55號,121.098353368693,24.983589063255
桃園市新屋區後湖里1鄰長福路331巷316之1號,68,6801100,6801100-003,1鄰,長福路,,331巷,,,,316之1號,121.097580244772,24.9828414793632
桃園市新屋區新生里13鄰長福路68號,68,6801100,6801100-002,13鄰,長福路,,,,,,68號,121.096980073182,24.9752655094155
桃園市新屋區新生里10鄰長福路221號,68,6801100,6801100-002,10鄰,長福路,,,,,,221號,121.097955691885,24.9783764192342
桃園市新屋區新生里10鄰長福路223號,68,6801100,6801100-002,10鄰,長福路,,,,,,223號,121.098014731316,24.9783825196842
桃園市新屋區新生里10鄰長福路236號,68,6801100,6801100-002,10鄰,長福路,,,,,,236號,121.097657996259,24.9778159511442
桃園市新屋區新生里10鄰長福路238號,68,6801100,6801100-002,10鄰,長福路,,,,,,238號,121.097688898126,24.9779388074066
桃園市新屋區新生里10鄰長福路245號,68,6801100,6801100-002,10鄰,長福路,,,,,,245號,121.098492134598,24.9787252837805
桃園市新屋區新生里10鄰長福路247號,68,6801100,6801100-002,10鄰,長福路,,,,,,247號,121.098561872797,24.9787326409095
桃園市新屋區新生里10鄰長福路311號,68,6801100,6801100-002,10鄰,長福路,,,,,,311號,121.099990863889,24.9786997273488
桃園市新屋區新生里10鄰長福路331巷8號,68,6801100,6801100-002,10鄰,長福路,,331巷,,,,8號,121.099640808771,24.978691294813
桃園市新屋區新生里10鄰長福路331巷18號,68,6801100,6801100-002,10鄰,長福路,,331巷,,,,18號,121.099624748398,24.9789198143559
桃園市新屋區新生里10鄰長福路331巷35號,68,6801100,6801100-002,10鄰,長福路,,331巷,,,,35號,121.099186310325,24.9791232461286
桃園市新屋區新生里10鄰長福路331巷36號,68,6801100,6801100-002,10鄰,長福路,,331巷,,,,36號,121.099356637662,24.9791942763235
桃園市新屋區新生里10鄰長福路331巷37號,68,6801100,6801100-002,10鄰,長福路,,331巷,,,,37號,121.099143602535,24.9791027801133
桃園市新屋區新生里10鄰長福路336巷21號,68,6801100,6801100-002,10鄰,長福路,,336巷,,,,21號,121.099141994088,24.9778377217661
桃園市新屋區新生里10鄰長福路336巷25號,68,6801100,6801100-002,10鄰,長福路,,336巷,,,,25號,121.099269681491,24.9777277610325
桃園市新屋區新生里10鄰長福路336巷27號,68,6801100,6801100-002,10鄰,長福路,,336巷,,,,27號,121.099265029083,24.9778548840192
桃園市新屋區新生里10鄰長福路336巷29號,68,6801100,6801100-002,10鄰,長福路,,336巷,,,,29號,121.099296159034,24.9778897128846
桃園市新屋區新生里10鄰長福路336巷30號,68,6801100,6801100-002,10鄰,長福路,,336巷,,,,30號,121.098895940516,24.9776999314682
桃園市新屋區新生里10鄰長福路336巷31號,68,6801100,6801100-002,10鄰,長福路,,336巷,,,,31號,121.099296849312,24.9780092484491
桃園市新屋區新生里10鄰長福路336巷33號,68,6801100,6801100-002,10鄰,長福路,,336巷,,,,33號,121.09941016306,24.9780084505485
桃園市新屋區新生里10鄰長福路336巷35號,68,6801100,6801100-002,10鄰,長福路,,336巷,,,,35號,121.099450412462,24.9780515794189
桃園市新屋區新生里10鄰長福路336巷37號,68,6801100,6801100-002,10鄰,長福路,,336巷,,,,37號,121.099570848231,24.9779157117648
桃園市新屋區新生里10鄰長福路336巷50之1號,68,6801100,6801100-002,10鄰,長福路,,336巷,,,,50之1號,121.099445649715,24.9775485201062
桃園市新屋區新生里10鄰長福路381巷20號,68,6801100,6801100-002,10鄰,長福路,,381巷,,,,20號,121.101486937911,24.9790603925558
桃園市新屋區新生里10鄰長福路447之2號,68,6801100,6801100-002,10鄰,長福路,,,,,,447之2號,121.102666990728,24.9791179970825
桃園市新屋區新生里10鄰長福路447之1號,68,6801100,6801100-002,10鄰,長福路,,,,,,447之1號,121.102822915961,24.9792581907713
桃園市新屋區新生里10鄰長福路447號,68,6801100,6801100-002,10鄰,長福路,,,,,,447號,121.102865408357,24.9790189088505
桃園市新屋區新生里10鄰長福路447之1號四樓,68,6801100,6801100-002,10鄰,長福路,,,,,,447之1號四樓,121.102822915961,24.9792581907713
桃園市新屋區新生里10鄰長福路447之1號三樓,68,6801100,6801100-002,10鄰,長福路,,,,,,447之1號三樓,121.102822915961,24.9792581907713
桃園市新屋區新生里10鄰長福路447之1號二樓,68,6801100,6801100-002,10鄰,長福路,,,,,,447之1號二樓,121.102822915961,24.9792581907713
桃園市新屋區新生里10鄰長福路476巷21號,68,6801100,6801100-002,10鄰,長福路,,476巷,,,,21號,121.101581718531,24.9780810174106
桃園市新屋區新生里10鄰長福路476巷31號,68,6801100,6801100-002,10鄰,長福路,,476巷,,,,31號,121.101419133801,24.9780299372401
桃園市新屋區新生里10鄰長福路476巷36號,68,6801100,6801100-002,10鄰,長福路,,476巷,,,,36號,121.10134672067,24.9782633706996
桃園市新屋區新生里10鄰長福路476巷51號,68,6801100,6801100-002,10鄰,長福路,,476巷,,,,51號,121.101507625073,24.9779563857465
桃園市新屋區新生里10鄰長福路479巷26弄29號,68,6801100,6801100-002,10鄰,長福路,,479巷,26弄,,,29號,121.103302723956,24.979851024316
桃園市新屋區新生里10鄰長福路479巷26弄31號,68,6801100,6801100-002,10鄰,長福路,,479巷,26弄,,,31號,121.103399298131,24.9798486098795
桃園市新屋區新生里10鄰長福路479巷26弄33號,68,6801100,6801100-002,10鄰,長福路,,479巷,26弄,,,33號,121.103430101404,24.9798461508117
桃園市新屋區新生里10鄰長福路479巷62號,68,6801100,6801100-002,10鄰,長福路,,479巷,,,,62號,121.102510833262,24.9795336818835
桃園市新屋區新生里10鄰長福路479巷136號,68,6801100,6801100-002,10鄰,長福路,,479巷,,,,136號,121.101392284103,24.980196229561
桃園市新屋區新生里10鄰長福路557巷37弄10號,68,6801100,6801100-002,10鄰,長福路,,557巷,37弄,,,10號,121.103691655733,24.9801488715739
桃園市新屋區新生里10鄰長福路557巷37弄20號,68,6801100,6801100-002,10鄰,長福路,,557巷,37弄,,,20號,121.103560202846,24.9800187735982
桃園市新屋區新生里10鄰長福路557巷51號,68,6801100,6801100-002,10鄰,長福路,,557巷,,,,51號,121.103694276618,24.9804394035649
桃園市新屋區石磊里2鄰長福路479巷159號,68,6801100,6801100-010,2鄰,長福路,,479巷,,,,159號,121.100286550564,24.9805536906297
桃園市新屋區石磊里2鄰長福路479巷218號,68,6801100,6801100-010,2鄰,長福路,,479巷,,,,218號,121.100152079341,24.9809735113501
桃園市新屋區石磊里2鄰長福路479巷220號,68,6801100,6801100-010,2鄰,長福路,,479巷,,,,220號,121.100106915944,24.9812243505922
桃園市新屋區石磊里2鄰長福路479巷221號,68,6801100,6801100-010,2鄰,長福路,,479巷,,,,221號,121.099231104945,24.9818677588616
桃園市新屋區石磊里2鄰長福路479巷245號,68,6801100,6801100-010,2鄰,長福路,,479巷,,,,245號,121.099511394129,24.9821947607946
桃園市新屋區石磊里2鄰長福路557巷171之1號,68,6801100,6801100-010,2鄰,長福路,,557巷,,,,171之1號,121.101170342673,24.9814507860341
